title,author,description,categories,publisher,cover_image,store_url
แฮร์รี่ พอตเตอร์ กับศิลาอาถรรพ์,J.K. Rowling,"หนังสือ ""แฮร์รี่ พอตเตอร์ กับศิลาอาถรรพ์ เล่ม 1 (พิมพ์ครั้งที่ 16)"" คือจุดเริ่มต้นของการผจญภัยในโลกเวทมนตร์ที่ได้รับความนิยมสูงสุด นำเสนอสตอรี่ของเด็กชายชื่อแฮร์รี่ซึ่งชีวิตธรรมดาได้เปลี่ยนไปตลอดกาลเมื่อเขาค้นพบความลับของตนเองและได้รับเชิญสู่ฮอกวอตส์ กลายเป็นเรื่องราวที่ผสมผสานระหว่างการผจญภัย มิตรภาพ และการค้นหาตัวตนที่ตราตรึงใจ",fantasy|action_adventure,NANMEEBOOKS,/books/harry-potter-1.jpg,https://surl.lt/lgatqp
แฮร์รี่ พอตเตอร์ กับห้องแห่งความลับ,J.K. Rowling,แฮร์รี่จะได้ขึ้นชั้นปีที่สองที่ฮอกวอตส์แล้วแต่ดูเหมือนอะไร ๆ ก็ผิดพลาดไปหมดทั้งเรื่องที่เขากับรอนเข้าไปขึ้นรถไฟที่ชานชาลาหมายเลขเก้าเศษสามส่วนสี่ไม่ได้ลูกบลัดเจอร์ที่มุ่งโจมตีเขาตลอดการแข่งควิดดิชและที่หนักที่สุด เพื่อนนักเรียนถูกทำร้าย...ใครกันที่เป็นต้นเหตุของเรื่องทั้งหมดนี้คนที่คุณก็รู้ว่าใคร หรือตัวแฮร์รี่เองตามที่เพื่อนนักเรียนสงสัยกันแน่,fantasy|action_adventure,NANMEEBOOKS,/books/harry-potter-2.jpg,https://surl.lt/zoctqv
แฮร์รี่ พอตเตอร์ กับนักโทษแห่งอัซคาบัน (ฉบับครบรอบ 20 ปี),J.K. Rowling,อีกปีที่ห่างไกลจากความธรรมดาของแฮร์รี่ พอตเตอร์กำลังจะเริ่มขึ้น  ซิเรียส แบล็ก ฆาตกรสังหารหมู่ได้แหกคุกออกมา  ทุกคนพูดกันว่าเขากำลังตามล่าแฮร์รี่  แต่บางทีสิ่งชวนผวาที่สุดอาจเป็นผู้คุมวิญญาณซึ่งยึดโยงเฝ้ายามอยู่ที่ฮอกวอตส์กับจุมพิตมรณะของพวกมัน,fantasy|action_adventure,NANMEEBOOKS,/books/harry-potter-3.jpg,https://surl.li/vbydve
แฮร์รี่ พอตเตอร์ กับถ้วยอัคนี (ฉบับครบรอบ 20 ปี),J.K. Rowling,ตรามารปรากฏขึ้นบนท้องฟ้าราวกับลางร้ายเหนือสนามแข่งควิดดิชเวิลด์คัป แล้วถ้วยอัคนีก็ตัดสินใจเลือกตัวแทนเข้าแข่งขันการประลองเวทไตรภาคี ให้ฮอกวอตส์เสียเอง แฮร์รี่ แปลกใจมากที่เขาเป็นหนึ่งในผู้ได้รับเลือก ใครกันแน่ที่อยู่เบื้องหลังเหตุการณ์ไม่ธรรมดาเหล่านี้,fantasy|action_adventure,NANMEEBOOKS,/books/harry-potter-4.jpg,https://surl.lt/bvffer
แฮร์รี่ พอตเตอร์ กับภาคีนกฟีนิกซ์ (ฉบับครบรอบ 20 ปี),J.K. Rowling,ฮอกวอตส์ต้องเผชิญกับช่วงเวลาแสนมืดมนหลายคนปฏิเสธความจริงที่ว่าจอมมารกลับมาแล้ว แต่แฮร์รี่ไม่ได้อยู่ตัวคนเดียว ภาคีลับก่อตัวขึ้นที่กริมโมลด์เพลซเพื่อต่อสู้กลับแฮร์รี่ต้องยอมให้ศาสตราจารย์สเนปสอนเขาป้องกันไม่ให้ลอร์ดโวลเดอมอร์จู่โจมจิตใจ แต่การโจมตีรุนแรงขึ้นเรื่อยๆ และเวลาของแฮร์รี่ก็จวนจะหมดลงแล้ว,fantasy|action_adventure,NANMEEBOOKS,/books/harry-potter-5.jpg,https://surl.li/hecbql
แฮร์รี่ พอตเตอร์ กับเจ้าชายเลือดผสม,J.K. Rowling,ความลับและความหวาดระแวงกระจายไปทั่วโลกเวทมนตร์ ฮอกวอตส์ไม่ปลอดภัยอีกต่อไป แฮร์รี่เข้าใจว่ามัลฟอยถูกตีตรามารแล้ว มีผู้เสพความตายคนหนึ่งอยู่ท่ามกลางพวกเขา แฮร์รี่จำเป็นต้องมีเวทมนตร์แรงกล้าและเพื่อนแท้ เมื่อเขาค้นพบความลับดำมืดที่สุดของลอร์ดโวลเดอร์มอร์ และดัมเบิลดอร์ก็เตรียมเขาให้พร้อมเผชิญชะตากรรมของตัวเอง,fantasy|action_adventure,NANMEEBOOKS,/books/harry-potter-6.jpg,https://surl.li/gutset
แฮร์รี่ พอตเตอร์ กับเครื่องรางยมทูต,J.K. Rowling,เมื่อแฮร์รี่ออกจากซอยพรีเวตเป็นครั้งสุดท้าย เขาก็รู้ว่าลอร์ดโวลเดอร์มอร์และเหล่าผู้เสพความตายอยู่ไม่ไกลแล้ว จอมมารหว่านความหวาดกลัวใส่ทุกสิ่งที่แฮร์รี่รัก หากจะหยุดยั้งเขา แฮร์รี่ต้องตามหาและทำลายฮอร์ครักซ์ทั้งหมด สงครามครั้งสุดท้ายกำลังจะเริ่ม และแฮร์รี่ต้องยืนหยัดเผชิญหน้าศัตรูของเขาก่อนจะสายเกินไป,fantasy|action_adventure,NANMEEBOOKS,/books/harry-potter-7.jpg,https://surl.li/ohkhtj
ฮอบบิท The Hobbit,J. R. R. Tolkien,"ฮอบบิท และเป็นที่มาของมหากาพย์เรื่องยิ่งใหญ่ของโลก ""The Lord of the Rings"" แต่การผจญภัยของ 'บิลโบ แบ๊กกิ้นส์' แตกต่างจากการเผชิญภัยของ 'โฟรโด' อย่างเห็นได้ชัด โฟรโด แบ๊กกิ้นส์ ใน ""The Lord of the Rings"" ไม่ได้สมัครใจจะไปเผชิญภัยทั้งหลายทั้งปวง เขาถูกผลักดันเข้าไปทำ และถูกกระตุ้นโดยจิตสำนึกส่วนลึกว่า ""ต้องทำ"" โฟรโดต้องออกเดินทางโดยไม่รู้ว่าเหตุการณ์ทั้งหมดจะนำไปสู่เรื่องใด จะได้กลับมาบ้านอีกครั้งหรือไม่ หรือกลับมาพร้อมกับบาดแผลที่ทำให้บ้านไม่เหมือนเดิมอีกต่อไป ส่วนเล่มนี้ บิลโบออกผจญภัยด้วยความสมัครใจ",fantasy|action_adventure,แพรว (TH),/books/the_hobbit.jpg,https://surl.li/wprpgw
เดอะลอร์ดออฟเดอะริงส์: มหันตภัยแห่งแหวน,J. R. R. Tolkien,ปฐมบทของการเผชิญภัยเพื่อทำลายแหวนและนำไปสู่สงครามครั้งยิ่งใหญ่ของโลกที่ไม่ได้มีแค่มนุษย์อาศัยอยู่ หากยังมีพวกเอลฟ์ ฮอบบิท คนแคระ โทรลล์ ออร์ค และเผ่าพันธุ์อื่นๆ เนื้อเรื่องกล่าวถึงคุณธรรมและการคงไว้ซึ่งความดี ด้วยมุมมองที่ลึกซึ้งและแตกต่าง เรื่องราวเริ่มต้นที่ความสนุกสนานรื่นเริงในงานเลี้ยงอำลาที่ไม่มีใครคาดฝัน 'บิลโบ แบ๊กกิ้นส์' ออกจากบ้านไป ละทิ้งสมบัติพัสถานทุกอย่างที่ได้มาจากการผจญภัยพิลึกพิลั่นของเขาเมื่อหลายปีก่อน รวมทั้งแหวนอันเป็นมหันตภัยวงนี้ให้ตกเป็นของหลานรัก 'โฟรโด แบ๊กกิ้นส์' โดยไม่รู้ว่านั่นคือการมอบมรดกอันเป็นหายนะโดยแท้ โฟรโดต้องออกเดินทางสู่โลกกว้าง ฝ่าฟันอันตรายนานัปการเพื่อนำแหวนไปทำลายในดินแดนของอสูรร้ายที่สร้างมันขึ้นมา,fantasy|action_adventure,แพรวเยาวชน,/books/lotr_1.jpg,https://surl.li/biwlbu
เดอะลอร์ดออฟเดอะริงส์: หอคอยคู่พิฆาต,J. R. R. Tolkien,หลังจากเล่ม 1 จบลงที่ “คณะเดินทางแตกสลาย”พวกเขาต้องสูญเสียเพื่อนร่วมทางบางคน ที่เหลือก็กระจัดกระจายกันไปคนละทาง ต่างคนต่างต้องเผชิญชะตากรรมด้วยความกล้าหาญส่วนตัวกับความเชื่อมั่นในเพื่อนร่วมทางว่าจะร่วมกันไปสู่จุดหมายได้ในที่สุด,fantasy|action_adventure,แพรวเยาวชน,/books/lotr_2.jpg,https://surl.li/ijkyil
เดอะลอร์ดออฟเดอะริงส์: การกลับมาของกษัตริย์,J. R. R. Tolkien,บทสรุปของสงครามแหวน การต่อสู้ระหว่างความดีกับความชั่ว การตัดสินใจที่จะทำสิ่งที่คิดว่าถูกต้อง กับการไม่ลงมือทำอะไรเลย คุณธรรมที่เราต่างก็คิดว่ามีอยู่ในตัว แท้จริงแล้วเป็นเพราะยังไม่มีสิ่ง เย้ายวนใจมาทำให้มันสูญเสียคุณค่าไป ทุกคนที่อาจกลายเป็นอสูร ได้ทุกเมื่อ ขึ้นอยู่กับว่าเมื่อใดเราจะพ่ายแพ้แก่อำนาจชั่วร้ายนั้น,fantasy|action_adventure,แพรวเยาวชน,/books/lotr_3.jpg,https://surl.li/ghbwyn
มุมมองนักอ่านพระเจ้า เล่ม 1,sing N song,คิมทุกจา หนุ่มพนักงานออฟฟิศธรรมดาๆ เขาเป็นเเฟนคลับของนักเขียนคนหนึ่งซึ่งนิยายออนไลน์เรื่องนี้ดำเนินเรื่องมาสิบปีแล้ว และแฟนๆก็เลิกติดตาม เลิกอ่านนิยายเรื่องนี้ไปแล้ว แต่มีเขาเพียงคนเดียวที่ยังติดตามนิยายเรื่องนี้อยู่ ระหว่างที่กำลังอยู่บนรถไฟฟ้า นักเขียนได้อัปเดตนิยายและแจ้งว่า เขาจะลงตอนจบของนิยาย หลังจากที่คิมทกจาได้อ่านตอนจบแล้ว นักเขียนก็ส่งข้อความมาหาตัวเขา ซึ่งคือสามวิธีเอาตัวรอดในโลกนิยายของนักเขียน หลังจากนั้นรถไฟฟ้าที่คิมทกจานั่งก็ทะลุมิติข้ามไปในโลกนิยาของเรื่องนี้ ดังนั้นการเอาตัวรอดในโลกที่กำลังล่มสลายจึงเริ่มขึ้น,fantasy|action_adventure,Levon,/books/orv_1.jpg,https://surl.li/ejgvpu
มุมมองนักอ่านพระเจ้า เล่ม 2,sing N song,คิมดกจาและสมาชิกกลุ่มมุ่งหน้าสู่สถานีชุงมูโรเวทีของ 'ซีนาริโอหลัก' ถัดไปที่นั่นมีกลุ่มดาวมากมายมารวมตัวกันดังนั้นโทแกบีก็เลยยิ่งมากตามระดับความยากของซีนาริโอจึงไม่ใช่เล่นๆ เลยนอกจากนี้ที่สถานีชุงมูโรยังมีตัวละครสำคัญอีกสองคนซึ่งคิมดกจาอยากได้ตัวมาร่วมกลุ่มหนึ่งคือเด็กสาวไร้พ่ายในสงครามแห่งท้องทะเลกับอีกหนึ่งคือเจ้าแห่งป้อมปราการติดอาวุธก็ต้องมาดูกันแล้วว่าระหว่างเขากับยูจุงฮยอกใครจะได้ตัวขุมกำลังหลักทั้งสองนี้ก่อนกัน!,fantasy|action_adventure,Levon,/books/orv_2.jpg,https://surl.li/jcoehm
มุมมองนักอ่านพระเจ้า เล่ม 3,sing N song,นอกจากคิมดกจาแล้ว ยังมี 'นักอ่าน' คนอื่นๆ อีกน่าแปลก เพราะในนิยายต้นฉบับไม่ว่าจะในการย้อนกลับรอบไหนก็ไม่เคยมีข้อมูลเกี่ยวกับคนพวกนี้อยู่เลยเพื่อที่จะสืบหาตัวตนที่แท้จริงและจุดประสงค์เบื้องหลังคิมดกจาจึงอ้างตนเป็นยูจุงฮยอกผู้เป็นดั่งพระเจ้าในสายตาคนเหล่านี้ จนได้รับเชิญให้เข้าร่วมใน'ค่ำคืนของเหล่านักพยากรณ์' โดยหารู้ไม่ว่านั่น...คือกับดัก!,fantasy|action_adventure,Levon,/books/orv_3.jpg,https://surl.li/gnkrxg
มุมมองนักอ่านพระเจ้า เล่ม 4,sing N song,สมาชิกกลุ่มกระจัดกระจายกันไปใน 'โลกที่ไร้ราชา' แต่คนแรกที่คิมดกจาได้เจอแทนที่จะเป็นเพื่อนคนใดคนหนึ่ง กลับกลายเป็นยัยนักเขียนขื้ก๊อปนั่นซะได้  คู่กัดเลยต้องจับมือกันชั่วคราว เตรียมความพร้อมสู่ซีนาริโอถัดไป ซึ่งครอบคลุมพื้นที่ขนาดใหญ่ที่สุดเท่าที่เคยมีมา นั่นคือทั้งกรุงโซล!  หนึ่งใน 'ภัยพิบัติ' ที่พวกเขาต้องขัดขวาง มีอยู่ภัยพิบัติหนึ่งที่แม้แต่ ยูจุงฮยอกก็ยังต้องพ่าย และเกือบตายในการย้อนกลับรอบที่ 3 แต่ หนนี้จะต่างออกไปแน่ เพราะมีตัวแปรอย่างคิมดกจาเข้ามาอย่างไรล่ะ,fantasy|action_adventure,Levon,/books/orv_4.jpg,https://surl.li/nbaicp
มุมมองนักอ่านพระเจ้า เล่ม 5,sing N song,ภัยพิบัติแห่งอุทกภัยที่ถล่มกรุงโซลได้ในเวลาไม่ถึงชั่วโมง ทว่าคิมดกจากลับเลือกที่จะไม่กำจัดเธอ หนำซ้ำยังรับเธอมาเป็น 'อวตาร' ของตัวเองอีกต่างหาก  จริงอยู่ว่าเขาไม่ใช่กลุ่มดาว แต่เรื่องการให้ความสนับสนุนอวตาร เขาทำได้ดีกว่ากลุ่มดาวบางกลุ่มแน่นอน  เด็กน้อยชินยูซึงคนนี้จะเติบโตไปเป็นเจ้าแห่งสัตว์อสูร เขาจำเป็นต้องมีเธออยู่ข้างกาย เพื่อไปให้ถึงฉากจบของเรื่องราวทั้งหมดที่เขาอยากจะเห็น,fantasy|action_adventure,Levon,/books/orv_5.jpg,https://surl.li/adedtv
มุมมองนักอ่านพระเจ้า เล่ม 6,sing N song,เพื่อช่วยหญิงสาวจากการย้อนกลับรอบที่ 41 คิมดกจาจึงรับภารกิจลับมาจากราชินีแห่งดินแดนยมโลกภารกิจแบบเดียวกับวีรบุรุษเฮอร์คิวลีสในตำนาน...การปราลอสรพิษ!ภารกิจลับกับซีนาริโอใหม่ดำเนินไปควบคู่กันณ ดินแดนอื่นที่ไม่ใช่โลกมนุษย์      หนนี้บทบาทของพวกเขากลับตาลปัตรจากผู้รับมือภัยพิบัติกลับต้องกลายมาเป็นภัยพิบัติต่อเผ่าพันธุ์อื่นเสียเอง!,fantasy|action_adventure,Levon,/books/orv_6.jpg,https://surl.lu/hgeypz
มุมมองนักอ่านพระเจ้า เล่ม 7,sing N song,(คุณคืออวตารที่แข็งแกร่งที่สุดของโดมกรุงโซลในปัจจุบัน)เมื่อความแข็งแกร่งของอวตารตัดสินจากระดับความยากของเรื่องเล่าที่สั่งสมมางั้นคิมดกจาจะแข็งแกร่งที่สุดก็ถูกต้องแล้วซึ่งเท่ากับว่าการยอมสละชีพของเขาจะปกป้องกรุงโซลได้     เขาเพิ่งจะได้รับคุณลักษณะ 'แปดชีวิต' มาตายไปสักครั้งก็ไม่มีปัญหาอะไรเพียงแต่การประลองระหว่างยูจุงฮยอกกับผู้กล้าชาตินั่นเขาคงต้องยื่นมือเข้าไปยุ่งเสียหน่อย หมอนั่นยิ่งแพ้ทางอีกฝ่ายอยู่ด้วยเกิดยูจุงฮยอกพลาดท่าถูกฆ่า แล้วทำโลกย้อนกลับนั่นไม่ดีสำหรับเขาแน่!,fantasy|action_adventure,Levon,/books/orv_7.jpg,https://surl.li/zhzobw
มุมมองนักอ่านพระเจ้า เล่ม 8,sing N song,คิมดกจาไปจาก 'สวรรค์' ได้หลายวันแล้ว เขาตั้งใจจะให้สมาชิกกลุ่มลองเผชิญกับซีนาริโอกันเอาเอง แต่คิดไม่ถึงว่ายูจุงฮยอกจะมาโผล่ที่นั่นด้วย  ลองว่าตัวเอกออกโรงเองแบบนี้ ก็การันตีความปลอดภัยของสมาชิกกลุ่มได้แล้ว แต่ความปลอดภัยของตัวเขานี่สิ กลับสุ่มเสี่ยง เมื่อข้อความแห่งโชคชะตาดังย้ำๆ อยู่นั้นแหละว่า...  อวตารคิมดกจาจะต้องตายด้วยเงื้อมมือของคนที่รักที่สุด  จนเกิดเป็นเรื่องราววุ่นวาย เพราะไม่ว่าจะอวตารหรือกลุ่มดาว ล้วนอยากรู้กันจะแย่ว่าคนที่คิมดกจารักที่สุดคือใครกัน!,fantasy|action_adventure,Levon,/books/orv_8.jpg,https://surl.li/wrjqme
มุมมองนักอ่านพระเจ้า เล่ม 9,sing N song,ตำแหน่ง 'ราชาปีศาจอันดับที่ 73' ตกเป็นของคิมดกจา ตามด้วยการที่เขาเสียสละชีวิตตัวเองอีกครั้ง  (ร่างอวตารของคุณดับสูญโดยสมบูรณ์) (คุณล้มเหลวในการดำเนินซีนาริโอ) (คุณถูกเนรเทศออกจากซีนาริโอ)  ร่างกายไม่มีแล้ว โลกให้กลับไปก็ไม่มีด้วย สิ่งที่ต้องทำตอนนี้คือการหาซีนาริโอแล้วเขาไปดำเนินเรื่องราวให้ได้ ไม่งั้นแม้แต่ดวงวิญญาณเขาก็รักษาไว้ไม่อยู่ และดูเหมือนว่ามีเพียงสถานที่เดียวที่เขาสามารถมุ่งหน้าไป ...โลกปีศาจที่ 73 สถานที่ซึ่งแทบจะไม่มีกลุ่มด้วย นักเล่าเรื่อง และความหวังใดๆ,fantasy|action_adventure,Levon,/books/orv_9.jpg,https://surl.li/xofkct
มุมมองนักอ่านพระเจ้า เล่ม 10,sing N song,ใครบางคนกำลังใช้ชื่อ ‘ยูจุงฮยอก’ ก่อเรื่องราวในโลกปีศาจที่ 73 เจ้าของชื่อจึงต้องมาดูด้วยตัวเอง เพราะเขาไม่ชอบที่มีคนมาอ้างตัวว่าเป็นเขาก็เท่านั้น ไม่สำคัญว่าคนคนนั้นจะเป็น ‘คิมดกจา’ หรือไม่  ด้านเจ้าตัวคิมดกจาก็กำลังเข้าสู่ช่วงเวลาสำคัญ เมื่อซีนาริโอ ‘เกมนักปฏิวัติ’ มาถึงช่วงสุดท้าย ที่นี่กำลังจะกลายเป็นสนามรบอย่างเต็มรูปแบบ! เขาจะใช้วิธีไหนมาเอาชนะ ‘โรงงาน’ อาวุธเรื่องเล่าที่แข็งแกร่งที่สุดของเหล่าดยุกได้กัน!,fantasy|action_adventure,Levon,/books/orv_10.jpg,https://surl.lu/bvbpsy
มุมมองนักอ่านพระเจ้า เล่ม 11,sing N song,ซีนาริโอ ‘ศึกเลือกราชาปีศาจ’ ไม่ใช่งานง่ายสำหรับพวกคิมดกจา เมื่อผู้ท้าชิงตำแหน่งราชาปีศาจอันดับที่ 73 เป็นถึงปีศาจระดับสูง แถมยังสมคบคิดกับพวกเนบิวลาอีกต่างหาก  เพราะฉะนั้นการออกตระเวนรวบรวมผู้ช่วยเหลือจึงเริ่มต้นขึ้น ด้าน ‘โลกวรยุทธ์ที่ 1’ ให้เป็นหน้าที่ของยูจุงฮยอก ส่วนคิมดกจาก็ตอบรับคำเชิญของเพอร์เซโฟนี เข้าร่วม ‘สมาคมอาหารเลิศรส’  ณ ที่นี่จะเป็นการเปิดตัวของเขาในฐานะกลุ่มดาวหน้าใหม่ เขาจะหาพันธมิตรจากสถานที่แห่งนี้ได้หรือไม่นะ,fantasy|action_adventure,Levon,/books/orv_11.jpg,https://surli.cc/ozuknk
มุมมองนักอ่านพระเจ้า เล่ม 12,sing N song,เวทีของซีนาริโอ ‘ศึกเลือกราชาปีศาจ’ ผ่านการจำลองสภาพให้เป็นดั่งเกม ในสถานการณ์ที่คู่ต่อสู้คือดยุกปีศาจจับมือกับเนบิวลา ทั้ง <โอลิมปัส> <เวด้า> และ <ปาปิรุส>  แต่ทีมของคิมดกจากลับมีแค่…สุนัขสองตัว มนุษย์ที่ระบุเพศไม่แน่ชัด ชายที่มีอาการซึมเศร้าหลังคลอด และกลุ่มดาวจากคาบสมุทรเกาหลีที่จำใจเลือกมา  ส่วนยูจุงฮยอกก็ไม่รู้จะกลับมาทันกาลไหม เพราะเมื่อ ‘สมรภูมิเทวตำนาน’ เริ่มขึ้นไม่ทันไร สมาชิกกลุ่มของคิมดกจาก็เสียชีวิตไปแล้วหนึ่งคน!,fantasy|action_adventure,Levon,/books/orv_12.jpg,https://surl.li/kjwiqr
มุมมองนักอ่านพระเจ้า เล่ม 13,sing N song,"คิมดกจา ทำ ‘คำสาบานต่างโลก’ และถูกส่งมายัง ‘รอบที่ 1,863’ ซึ่งเป็นโลกของการย้อนกลับรอบสุดท้ายของยูจุงฮยอก  โลกนี้ยังคงเป็นเหมือนอย่างในนิยายที่เขาอ่านมาตลอดสิบปี เขาจึงรู้วิธีรับมือกับยูจุงฮยอกของรอบนี้ผู้ซึ่งไม่ต่างกับอสูรร้าย แต่เหตุไม่คาดคิดกลับเกิดขึ้น สมาชิกกลุ่มที่ควรต้องตายไปแล้วกลับยังมีชีวิตอยู่ ซ้ำยังพากันมารุมไล่ล่ายูจุงฮยอก!  หากบอกว่ารอบที่ 3 ที่มีคิมดกจาเข้ามาเป็นตัวแปรได้เปลี่ยนแปลงไปแล้ว ถ้าอย่างนั้นรอบที่ 1,863 นี้ล่ะ ใช่เปลี่ยนแปลงไปเพราะมี ‘ใคร’ เข้ามาเป็นตัวแปรเช่นกันหรือไม่",fantasy|action_adventure,Levon,/books/orv_13.jpg,https://surl.li/fsjedj
มุมมองนักอ่านพระเจ้า เล่ม 14,sing N song,"คิมดกจาได้เจอ ยูจุงฮยอก ที่จะว่าคุ้นเคยก็อาจใช่ เพราะเป็นยูจุงฮยอกซึ่งตรงกับในนิยายที่เขารู้จักดีที่สุด แต่จะว่าแปลกหน้าก็ไม่ผิดเหมือนกัน … ทำไมเขาถึงคิดแบบนี้กันนะ ติดตามต่อได้ในเล่มเลยครับ!   คิมดกจา ทำ ‘คำสาบานต่างโลก’ และถูกส่งมายัง ‘รอบที่ 1,863’ ซึ่งเป็นโลกของการย้อนกลับรอบสุดท้ายของยูจุงฮยอก   โลกนี้ยังคงเป็นเหมือนอย่างในนิยายที่เขาอ่านมาตลอดสิบปี เขาจึงรู้วิธีรับมือกับยูจุงฮยอกของรอบนี้ผู้ซึ่งไม่ต่างกับอสูรร้าย แต่เหตุไม่คาดคิดกลับเกิดขึ้น สมาชิกกลุ่มที่ควรต้องตายไปแล้วกลับยังมีชีวิตอยู่ ซ้ำยังพากันมารุมไล่ล่ายูจุงฮยอก!   หากบอกว่ารอบที่ 3 ที่มีคิมดกจาเข้ามาเป็นตัวแปรได้เปลี่ยนแปลงไปแล้ว ถ้าอย่างนั้นรอบที่ 1,863 นี้ล่ะ ใช่เปลี่ยนแปลงไปเพราะมี ‘ใคร’ เข้ามาเป็นตัวแปรเช่นกันหรือไม่",fantasy|action_adventure,Levon,/books/orv_14.jpg,https://surl.lu/loxcuj
มุมมองนักอ่านพระเจ้า เล่ม 15,sing N song,<ไจแกนโทมาคี> ซีนาริโอหลักที่มีระดับความยาก SSS+ และมีเนบิวลาใหญ่ <โอลิมปัส> เป็นเจ้าภาพ ทุกครั้งที่ซีนาริโอนี้เวียนมาถึง ยักษาจะถูกเรียกตัวมาให้เทพและวีรบุรุษเหยียบย่ำสังหารซ้ำ ๆ แต่ <ไจแกนโทมาคี> หนนี้กลับต่างออกไป เพราะคิมดกจาปลุกระดมยักษา ก่อสงครามเต็มรูปแบบอย่างแท้จริง!  เนบิวลาน้องใหม่ <คิมดกจาคอมพานี> ขอท้าทายเทวตำนาน ทว่าใครก็คาดคิดไม่ถึง…แม้แต่ตัวคิมดกจาเอง ว่าปลายทางของสงครามครั้งนี้จะเรียกตัวตนที่ไม่ควรสถิตลงมา และสร้างพายุผลกระทบความเป็นไปได้ ที่ทำเอาทุกชีวิตแทบวอดวาย!!,fantasy|action_adventure,Levon,/books/orv_15.jpg,https://surl.lu/ldtozx
มุมมองนักอ่านพระเจ้า เล่ม 16,sing N song,มหาเรื่องเล่า ได้รับรางวัลใหญ่ประจำปี แต่ปัญหาคือต้องจัดกลุ่มให้มันว่าจะเป็น ‘ความดี’ หรือ ‘ความชั่ว’ ซึ่งนั่นจะหมายถึงจุดยืนของ ทว่าหากเลือกข้างที่นี่ ตอนนี้ จะไปไม่ถึงฉากจบที่ #คิมดกจา ต้องการ  ในสถานการณ์ที่สมาชิกกลุ่มต้องสามัคคีกันอย่างที่สุด แต่ ยูจุงฮยอก กลับแหกคอกเพราะความจริงบางอย่างที่เจ้าตัวเพิ่งได้รู้  “นั่นคือ ‘คำพยากรณ์’ ของแก หรือเป็นข้อมูลที่ได้มาจากหนังสือเรื่อง ‘สามวิธีรอด’ กันแน่”  หมอนี่รู้เรื่องนี้ได้อย่างไร และรู้มากแค่ไหนกัน!!,fantasy|action_adventure,Levon,/books/orv_16.jpg,https://surl.lt/mccrpt
มุมมองนักอ่านพระเจ้า เล่ม 17,sing N song,『สามวิธีการเอาชีวิตรอดในโลกที่ล่มสลาย』 จากการตีความของ คิมดกจา นิยายเรื่องนี้มีตัวเอกอยู่สามคน หนึ่งคือผู้ย้อนกลับ ยูจุงฮยอก สองคือผู้หวนคืน จางฮายอง และสามคือ...ราชาของเหล่าผู้กลับชาติ  เพื่อช่วย ยูซังอา ให้ไม่ต้องตกเป็นสมบัติของ ‘เกาะของเหล่าผู้กลับชาติ’ คิมดกจาได้ทำข้อตกลง ขัดขวางมหาสงครามเทพและปีศาจ ไม่ให้แผ่ขยายเข้ามายังอาณาเขตปกครองของราชา  การตกลงเป็นไปด้วยดี แต่คิมดกจาในเวลานั้นไม่รู้เลยว่า สำหรับสมาชิกกลุ่มบางคนแล้ว กว่าจะได้พบกันอีกครั้ง… 「เวลาจะล่วงเลยผ่านไปนานถึงห้าสิบปี」,fantasy|action_adventure,Levon,/books/orv_17.jpg,https://surl.li/ggpohv
มุมมองนักอ่านพระเจ้า เล่ม 18,sing N song,ภารกิจของ <คิมดกจาคอมพานี> คือขัดขวางไม่ให้มหาสงครามเทพและปีศาจมีผลตัดสินชี้ขาด แม้การยืดเยื้อจะทำให้ ‘แต้มโกลาหล’ ยิ่งเพิ่มมากขึ้น แต่ก็เป็นการกดดันให้สองผู้นำของฝ่ายดีและฝ่ายร้ายยุติสงครามได้อย่างดี ถ้าไม่อยากให้ ‘วินาศ’ กันไปหมดทั้งโลก ทว่า…  [เขตพื้นที่สงครามดังกล่าวมีการตัดสินฝ่ายที่ได้รับชัยชนะแล้ว] [ทำการมอบบทลงโทษเสียชีวิตให้แก่ผู้เข้าร่วมที่ปราชัยในเขตพื้นที่สงคราม]  มีสมาชิกกลุ่มที่ทำภารกิจไม่สำเร็จ! จะใช่ ฮันซูยอง ที่ต้องต้านทัพกลุ่มดาวฝ่ายดีที่นำโดย <เอเดน> หรือเป็น จองฮีวอน กับ อีฮยอนซอง ที่เผชิญหน้าเหล่าราชาปีศาจทั้งหลายกัน,fantasy|action_adventure,Levon,/books/orv_18.jpg,https://surl.li/pdhrpk
มุมมองนักอ่านพระเจ้า เล่ม 19,sing N song,จอมวางแผนลับ ก็คือยูจุงฮยอก ปัญหาคือเป็นยูจุงฮยอกจาก ‘เส้นโลก’ ไหนกันล่ะ แล้วอีกฝ่ายกลายมาเป็นอุตรเทพได้อย่างไร สำคัญกว่านั้น…จับตัวคิมดกจา ไปเพื่อต้องการจะทำอะไรกันแน่  แม้จะยังไม่รู้คำตอบของคำถามทั้งหมด แต่อย่างน้อยคิมดกจาก็ได้รู้แล้วว่าอุตรเทพคือตัวตนแบบใด ซึ่งทำให้เขาเจ็บปวดใจ และนำมาสู่การทำสัญญาอันแสนอันตรายอีกครั้ง  เงื่อนไขการเคลียร์ : ช่วยให้เหล่า ‘อุตรเทพ’ ได้ปรากฏตัว ในมหาเรื่องเล่าหลักของ แต่จะต้องไม่ใช่การปรากฏตัวในฐานะ ‘อุตรเทพ’ แบบเดิมที่มีอยู่ กรณีล้มเหลว : คุณจะสูญเสียความทรงจำทั้งหมด และกลายเป็น ‘อุตรเทพ’,fantasy|action_adventure,Levon,/books/orv_19.jpg,https://surl.li/bwuopc
มุมมองนักอ่านพระเจ้า เล่ม 20,sing N song,อีกแค่ก้าวเดียวพวกคิมดกจาก็จะคว้าพระไตรปิฎกมาไว้ในมือได้แล้ว พร้อมกับตั๋วผ่านเข้าสู่ซีนาริโอสุดท้าย ทว่า ย่อมไม่ยอมให้เกิดเรื่องเช่นนั้น จึงเรียกระดมพลกลุ่มดาวจำนวนนับไม่ถ้วนในสังกัด เปิดศึก ‘มหาสงครามพิภพสวรรค์’ ขึ้นอีกครั้งเหนือแม่น้ำทงเทียน!  ว่าแต่เรื่องมาถึงขั้นนี้ สมาชิกกลุ่มจะรู้กันหรือยังนะว่าตัวเอกของ 『กลายเป็นซุนหงอคงที่เกษียณแล้วระดับ SSSSS』 ก็คือคิมดกจานั่นเอง,fantasy|action_adventure,Levon,/books/orv_20.jpg,https://surl.li/ucopzz
มุมมองนักอ่านพระเจ้า เล่ม 21,sing N song,ส้นโลกนี้กำลังจะล่มสลาย เหล่ากลุ่มดาวและสำนักงานได้ทอดทิ้งโลกใบนี้แล้ว แต่ไม่ใช่ ในเมื่อไม่มีวิธีพา ‘ทุกคน’ ไปยังซีนาริโอสุดท้ายด้วยกัน ก็มีแต่ต้องยืนหยัดรับมือภัยพิบัติการรุกรานที่นำโดย ‘ราชาอุตรเทพ’  「‘ดวงไฟมีชีพ’ ลอยขึ้นมาจากทางทิศตะวันออก」 「‘นายแห่งเกาะที่จมดิ่ง’ ภัยพิบัติแห่งโลกตะวันตก」 「‘ผู้ปกครองแห่งห้วงลึกที่ยิ่งใหญ่’ ผู้ปกครองแห่งเอกภพทางเหนือ」 「‘ราชาแห่งหัวใจสีเงิน’ ผู้ปกครองอันตรดาราแห่งทิศใต้」  เหล่าผู้คนที่ได้เห็น ‘บทสรุป’ ของรอบที่ 999 ได้มาเยือนเส้นโลกนี้แล้ว!,fantasy|action_adventure,Levon,/books/orv_21.jpg,https://surl.li/ypfuek
มุมมองนักอ่านพระเจ้า เล่ม 22,sing N song,คิมดกจากลายเป็นศัตรูของเรื่องราว ซ้ำยังถูกพวกมหาโทแกบีคอยปลุกปลั่นให้เขาดูเป็นคนชั่วร้าย ความช่วยเหลือจากจางฮายองทำให้ฮันซูยองสามารถสื่สารกับดกจาผ่านกำแพงแห่งการสื่อสารที่เป็นไปไม่ได้ ด้วยความช่วยเหลือจากบีฮยอง ในที่สุดดกจาและสมาชิกกลุ่มก็ถูกส่งเข้ามาในเรือลำสุดท้าย เขาตระหนักได้ว่าหากจะเอาชนะกลุ่มดาวเหล่านั้น ก็คงมีเพียงต้องหลุดพ้นจากโลกทัศน์ของเหล่ากลุ่มดาว หลังผ่านการปะทะอันดุเดือด ดกจากับสมาชิกกลุ่มก็มาถึงกำแพงสุดท้ายในที่สุด,fantasy|action_adventure,Levon,/books/orv_21.jpg,https://surl.lu/jsfccr
มุมมองนักอ่านพระเจ้า เล่ม 23,sing N song,"ความปรารถนาของคิมดกจาคือการเห็นทุกคนได้ใช้ชีวิตอย่างสงบสุข แต่เหล่าสมาชิกกลุ่ม โดยเฉพาะฮันซูยองกลับไม่อยากยอมรับความจริงที่ว่า คิมดกจาคนนั้นยังอยู่หลังกำแพงนั่น ด้วยความปรารถนาอันแรงกล้า ยูจุงฮยอกได้วิวัฒนาการจนได้รับอักขระ ‘ย้อนกลับกลุ่ม’ มา และตั้งใจพาทุกคนกลับไปที่รอบ 1,865 เพื่อพาคิมดกจากลับมา แต่กลับพบว่าทุกอย่างสายไปเสียแล้ว  สองปีต่อมา ฮันซูยองที่ได้พบกับยูจุงฮยอก ได้จุดประกายความหวังในการพาดกจากลับมาอีกครั้ง แม้ว่า 1% ที่ขาดไปนั้นยากจะถมให้เต็ม แต่ถ้าคิมดกจาได้อ่านมันขึ้นมาและจินตนาการถึงฉากจบที่นักเขียนไม่ได้เขียนล่ะ ด้านหลังประตูห้องคนไข้ของคิมดกจา จะมีอะไรรอพวกเขาอยู่กันแน่นะ",fantasy|action_adventure,Levon,/books/orv_22.jpg,https://surl.li/jzmpml
หวังทง องครักษ์เสื้อแพร เล่ม 1,เท่อเปี๋ยไป๋,"ชาตินี้ต้องตายเพราะโรคร้าย ทั้งๆ ที่กำลังประสบความสำเร็จในธุรกิจ! เขาไม่ยอม!! ชาติหน้าเขาจะต้องมีชีวิตที่รุ่งโรจน์กว่าผู้ใด…หวังทงย้อนเวลามาเกิดใหม่ในราชวงศ์หมิงพร้อมความทรงจำของมนุษย์ทำงานในศตวรรษที่ 21 และก็เป็นยุคสุดท้ายแห่งความรุ่งโรจน์ของราชวงศ์หมิง
หวังทงในฐานะ ‘องครักษ์เสื้อแพร’ จะนำความรู้สมัยใหม่ไปทำอะไรได้บ้าง นำไปสู่การเปลี่ยนแปลงอะไรในประวัติศาสตร์",fantasy|action_adventure,Levon,/books/wang_tong_1.jpg,https://surl.li/mjaqom
หวังทง องครักษ์เสื้อแพร เล่ม 2,เท่อเปี๋ยไป๋,ชีวิตก่อนต้องตายอยู่บนเตียงในโรงพยาบาลเพียงลำพังตั้งแต่ยังหนุ่ม ชีวิตนี้ได้เกิดใหม่อีกครั้งพร้อมความทรงจำจากยุคสมัยปัจจุบัน หากใช้คำพูดของคนโบราณคงเรียกว่า เกิดมาพร้อมพรสวรรค์และความเฉียบแหลม  แต่สำหรับตัว ‘หวังทง’ เองแล้ว นี่จะเรียกว่า ‘สูตรโกง’ เล็ก ๆ ก็ไม่ผิด  รัชสมัยว่านลี่แห่งต้าหมิง หวังทง ลูกหลานองครักษ์เสื้อแพรประสบกับจุดหักเหในชีวิต ทำให้หนทางสู่อำนาจวาสนาและความมั่งคั่งได้เปิดออกตรงหน้า  หนุ่มน้อยขอสาบานกับตัวเอง ชีวิตในครั้งนี้ของตนจะต้องไม่เรียบ ๆ ง่าย ๆ แต่เขาจะพยายามไต่ขึ้นไปให้สูงที่สุดเท่าที่โชคชะตาจะพาไปถึง!,fantasy|action_adventure,Levon,/books/wang_tong_2.jpg,https://surl.lu/ymassm
หวังทง องครักษ์เสื้อแพร เล่ม 3,เท่อเปี๋ยไป๋,ลานฝึกหู่เวยดำเนินไปด้วยดีเกินคาด ทุกวันฮ่องเต้ว่านลี่จะมาที่นี่ เพื่อร่วมฝึกฝนไปพร้อมกับเด็ก ๆ หนึ่งร้อยคน แน่นอนว่าหวังทงย่อมรั้งตำแหน่ง ‘พระสหายสนิท’ ที่สุดของฮ่องเต้น้อยไปแล้ว . ยิ่งหลังจากกวาดล้างพวกสำนักไตรสุริยันฟ้าดิน ไม่เพียงได้เลื่อนขั้น อิทธิพลของเขาในเมืองหลวงยังค่อย ๆ แผ่ขยายไปทั่ว จึงได้เวลาของธุรกิจใหม่ที่จะสร้างรายได้เป็นกอบเป็นกำ สิ่งที่เรียกว่า ‘ป้ายสงบสุข’ ซึ่งหวังทงนำเสนอขายนี้ หากไม่รีบซื้อหาไว้ . แล้วการค้าของพวกท่านจะสงบสุขได้อย่างไร พวกท่านว่าจริงไหม!?,fantasy|action_adventure,Levon,/books/wang_tong_3.jpg,https://surl.li/srbnrp
หวังทง องครักษ์เสื้อแพร เล่ม 4,เท่อเปี๋ยไป๋,ออกจากเมืองหลวงได้ไม่เท่าไร ยังไปไม่ถึงสามกองกำลังพิทักษ์ประจำเมืองเทียนจิน หวังทงก็เกือบต้องเอาชีวิตมาทิ้งเสียแล้ว! แต่นี่อาจนับได้ว่าสวรรค์ประทานบททดสอบใหญ่ เพราะหลังจากผ่านสมรภูมิเลือดขนาดย่อม ๆ ก็เท่ากับเขาได้ก้าวหน้าขึ้นอีกขั้น งานนี้ไม่ว่าผู้อยู่เบื้องหลังจะเป็นใคร เขาต้องลากตัวออกมารับผิดชอบให้จงได้! ...ยากนักกว่าจะมาถึงเมืองเทียนจิน ได้ยินว่าเป็นสถานที่ที่ไม่เลว แต่สภาพองครักษ์เสื้อแพรที่เห็นนี้มันคืออะไรกัน ไหนจะพวกขุนนางท้องที่ที่โอหังวางก้ามฉ้อฉลโกงกินจนพุงกางเหล่านั้นอีก หากไม่ปฏิวัติเมืองนี้เสียใหม่ ก็ผิดหลักการประจำตัวหวังทงแล้ว!!,fantasy|action_adventure,Levon,/books/wang_tong_4.jpg,https://surl.li/bjnapc
หวังทง องครักษ์เสื้อแพร เล่ม 5,เท่อเปี๋ยไป๋,เมืองเทียนจินไม่ได้กว้างใหญ่ แต่กลับเป็นบ่อเงินบ่อทองที่คนนอกไม่อาจแตะต้อง นายกองพันหวังทงที่เพิ่งมาใหม่แน่นอนว่าย่อมเป็นคนนอก หากแผ่นดินนี้ทั้งหมดเป็นของฮ่องเต้ และหวังทงก็เป็นคนใกล้ชิดของพระองค์ จึงมิผิดที่จะรวบบ่อเงินบ่อทองเหล่านี้มาแล้วส่งมอบให้ถึงมือฝ่าบาทด้วยตัวเอง  หวังทงไม่เพียงต้องฟาดฟันชิงไหวพริบกับคนของทางการด้วยกัน ยังต้องปะทะกับ ‘นาวาสุคนธ์’ ที่มีสมาชิกหลายพันคน!  เรื่องใช้กำลังหรือแม้แต่การฆ่าฟันเขาไม่เคยครั่นคร้าม แต่ถึงตอนนี้ก็ไม่รู้ว่ามีฎีการ้องเรียนเขาส่งไปเมืองหลวงเท่าไรแล้ว ราชสำนักอยู่ในมือมหาอำมาตย์มาแต่ไหนแต่ไร  ฮ่องเต้เองก็กำลังเผชิญศึกหนักอยู่ทุกวัน มิรู้ว่าจะปกป้องเขาไปได้ถึงขั้นไหน…,fantasy|action_adventure,Levon,/books/wang_tong_5.jpg,https://surl.lu/czvtbw
หวังทง องครักษ์เสื้อแพร เล่ม 6,เท่อเปี๋ยไป๋,ปราบพวกขุนนางชั่วโค่นได้ เทียนจินก็ยังเจริญรุ่งเรืองดังเช่นทองทะเลอัน หวังการทำงานหนักอย่างนี้ กว่าที่เมืองหลวงกลับคืนเข้าไปก็ช้าสองปี แล้วตำแหน่งการเหมืองหวังก็ไปนั้น คือเอาความสุขทุกปลักให้มาแล้ว หมายถึงหวังก็จากลงไป ตัวเองก็ก้าวขึ้นเป็นขุนนางคนสนิทแทน เป็นไปได้หรือไม่ว่าตำแหน่งหวังก็ใกล้จะมือของสิงคอนไปเสียแล้ว...  ที่เทียนจิน ขุนนางชดใหม่ถูกส่งมา หวังก็อุดสำหลวงทดลองก้าวล่างแทบตาย กลับกลายเป็นเข้าทางพวกผู้มีอำนาจใหญ่ในราชสำนักเสียได้ เพราะแต่ละคนที่มาล้วนเป็นเส้นสายชาววังจึงไม่ก็ฝีมือเปล่า หมายมันเป็นมือขวาจับผิดเขาโดยเฉพาะ หนำซ้ำอ่อนด้อยกับได้ชอบอย่างผิดวิสัย ก็ให้รู้กันไปว่าคนอย่างหวังก็จะเผยจุดอ่อนอะไรให้จับได้หรือไม่!,fantasy|action_adventure,Levon,/books/wang_tong_6.jpg,https://surl.li/gaximd
หวังทง องครักษ์เสื้อแพร เล่ม 7,เท่อเปี๋ยไป๋,เทียนจินที่เจริญรุ่งเรืองเป็นดั่งกองเพชรนิลจินดา ย่อมล่อหูล่อตาพวกโจร จริงอยู่ว่าหวังทงมีชื่อเสียงในด้านการค้าขายเป็นที่ประจักษ์ แต่การรับมือกับภัยทางทะเลนั้นเขายังเป็นมือใหม่อยู่มาก พวกโจรสลัดและพวกวอโค่วย่อมคิดเช่นนี้ จึงไม่เห็นกองกำลังและป้อมปืนใหญ่ทั้งหลายในสายตา ยกทัพมาปล้นชิง!  …จากเหตุการณ์นี้ก็ทำให้หวังทงบังเกิดความคิดขึ้นอีกครั้ง จึงริเริ่มกิจการที่จะช่วยรับรองความปลอดภัยให้บรรดาร้านค้าทั้งหลาย ซึ่งหากเป็นในโลกก่อนของหวังทง นั่นก็คือ ‘บริษัทประกันภัย’ นั่นเอง,fantasy|action_adventure,Levon,/books/wang_tong_7.jpg,https://surl.li/ezrnbu
หวังทง องครักษ์เสื้อแพร เล่ม 8,เท่อเปี๋ยไป๋,การฝึกซ้อมรบที่นอกด่าน หวังทงกลับมาพร้อมความชอบใหญ่ หากสิ่งสำคัญกว่านั้นคือได้เปิดเส้นทางการค้าสายใหม่ สร้างกำไรเป็นกอบเป็นกำยิ่งกว่าเดิม  แต่เมื่อมีคนได้กำไรมากขึ้นก็ย่อมต้องมีคนขาดทุนมากขึ้นเช่นกัน ดูเหมือนหวังทงจะไปล้ำเส้นขีดจำกัดของใครบางคนเข้าเสียแล้ว ความแค้นที่ถูกตัดช่องทางหาเงินคือความแค้นที่ไม่อาจอยู่ร่วมโลก แม้ไม่ใช่ครั้งแรกที่หวังทงถูก ‘ลอบสังหาร’ แต่หนนี้ที่แตกต่าง คือต่อให้รู้ตัวผู้อยู่เบื้องหลังแล้ว ทว่าเขากลับมาอะไรไม่ได้ ที่แท้หวังทงไปเตะเอาตอแบบไหนเข้ากันแน่!,fantasy|action_adventure,Levon,/books/wang_tong_8.jpg,https://surl.li/huiijx
หวังทง องครักษ์เสื้อแพร เล่ม 9,เท่อเปี๋ยไป๋,ขุนพลคนหนึ่งของเผ่าอัลตันก่อกบฏ นำกำลังแยกตัวออกไป ย่อมไม่นับเป็นเผ่าอัลตันอีก เท่ากับว่าสัญญาสงบศึกระหว่างต้าหมิงกับอัลตันไม่เป็นผลกับทัพกบฏกลุ่มนี้ กรมทหารต้องการตัดกำลังเผ่าที่ยิ่งใหญ่ที่สุดแห่งท้องทุ่งหญ้า มีหรือจะยอมพลาดโอกาสทอง  วาจาพาทีมีหลักการ ปณิธานทหารยอมพลีชีพเพื่อแผ่นดิน คำพูดสวยหรูพวกนั้น อันที่จริงก็แค่ต้องการใช้กองกำลังหู่เวยเป็น ‘เหยื่อล่อ’ พวกอั๋นต๋านับหมื่น ต่อให้หวังทงเตรียมการมาพร้อมเพียงใด มีปณิธานแน่วแน่แค่ไหน ก็ไม่รู้จริง ๆ ว่าจะยื้อเวลาได้ถึงเมื่อไร  นับประสาอันใดกับหากจบศึกนี้แล้วฝ่ายตนยังมีลมหายใจอยู่ได้ ผลงานในสนามรบทั้งหมดก็ตกอยู่แค่ในมือแม่ทัพชีแห่งจี้โจวเท่านั้นเอง!,fantasy|action_adventure,Levon,/books/wang_tong_9.jpg,https://url.in.th/qufGM
หวังทง องครักษ์เสื้อแพร เล่ม 10,เท่อเปี๋ยไป๋,ชาตินี้ต้องตายเพราะโรคร้าย ทั้งๆ ที่กำลังประสบความสำเร็จในธุรกิจ! เขาไม่ยอม!! ชาติหน้าเขาจะต้องมีชีวิตที่รุ่งโรจน์กว่าผู้ใด…หวังทงย้อนเวลามาเกิดใหม่ในราชวงศ์หมิงพร้อมความทรงจำของมนุษย์ทำงานในศตวรรษที่ 21 และก็เป็นยุคสุดท้ายแห่งความรุ่งโรจน์ของราชวงศ์หมิงหวังทงในฐานะ ‘องครักษ์เสื้อแพร’ จะนำความรู้สมัยใหม่ไปทำอะไรได้บ้าง นำไปสู่การเปลี่ยนแปลงอะไรในประวัติศาสตร์,fantasy|action_adventure,Levon,/books/wang_tong_10.jpg,https://url.in.th/SzMRO
หวังทง องครักษ์เสื้อแพร เล่ม 11,เท่อเปี๋ยไป๋,"""จางจวีจิ้ง"" จากไป คณะเสนาบดีใหญ่ไม่เหมือนเดิม ราชสำนักทั้งนอกและในก็ไม่เหมือนเดิม อำนาจค่อย ๆ คืนสู่มือโอรสสวรรค์ ด้วยเหตุนี้จึงมีราชโองการจากฮ่องเต้เรียกตัว ""หวังทง"" กลับเมืองหลวง รับตำแหน่งรองผู้บัญชาการสำนักองครักษ์เสื้อแพรอย่างเป็นทางการ ตำแหน่งนี้ออกจะต่ำไปสักหน่อยเมื่อเทียบกับความดีความชอบในคืนนั้น แต่ต่อให้เป็นเช่นนี้แล้ว เหล่าขุนนางราชสำนักก็ยังตั้งแง่ บอกว่าเขาไม่คู่ควร!",fantasy|action_adventure,Levon,/books/wang_tong_11.jpg,https://url.in.th/HFcbG
หวังทง องครักษ์เสื้อแพร เล่ม 12,เท่อเปี๋ยไป๋,คำพูดฝากฝังจากชีจี้กวง แม่ทัพใหญ่ผู้เป็นตำนาน จำเพาะมอบให้หวังทง  เขาจะไม่สนใจก็ย่อมได้ อันที่จริงควรต้องทำแบบนั้นด้วยซ้ำ แต่ไม่อาจปฏิเสธว่ามันช่างก่อกวนและยั่วยวนใจในเวลาเดียวกัน  โอกาสทองที่จะรบกับพวกอั๋นต๋า ตัดภัยใหญ่ทุ่งหญ้านอกด่านให้สิ้นซาก เพื่อราษฎรแผ่นดินต้าหมิงจะได้สงบสุขไปอีกหลายร้อยปี… เดิมพันนี้มูลค่าสูงยิ่ง หวังทงเองก็มั่นใจเหมือนกับที่ชีจี้กวงมั่นใจ ว่าถ้าเป็นตนละก็ ต้องเป็นฝ่ายชนะเดิมพันแน่นอน!  ทว่าทุกเรื่องที่หวังทงมีส่วนเกี่ยวข้องเป็นต้องถูกระงับยับยั้ง  ดูเหมือนไม่ว่าคณะเสนาบดีใหญ่จะผลัดเปลี่ยนไปกี่รุ่น เขาก็ยังคงเป็น ‘ขุนนางชั่ว’ ในสายตาใครต่อใครอยู่ดีสิน่า,fantasy|action_adventure,Levon,/books/wang_tong_12.jpg,https://url.in.th/SzMZu
หวังทง องครักษ์เสื้อแพร เล่ม 13,เท่อเปี๋ยไป๋,หลายครั้งที่หวังทงนำทัพออกรบบนทุ่งหญ้านอกด่าน แต่ไม่เคยมีครั้งใดจะได้รับชัยอย่างดงามสมบูรณ์แบบ เท่ากับการพิชิตเมืองกุยฮว่าเฉิง และล้างบางพวกเผ่าอัลตัน  ทว่าหนทางยาวไกล การข่าวถูกตัดขาดมาหลายเดือน ทำให้เมืองหลวงมีข่าวลือแพร่ไปต่าง ๆ นานา แน่นอนว่าล้วนโจมตีหวังทง กระนั้นฮ่องเต้ว่านลี่ก็เชื่อมั่นในขุนนางควบพระสหายคนสนิทที่สุดของตน  แต่ใครเลยจะคาดถึงว่าเมื่อหวังทงนำความยิ่งใหญ่กลับแผ่นดินหมิง ทูลเกล้าความสำเร็จนี้ กลายเป็นทำให้ฮ่องเต้สั่นคลอนใจเสียแทน! บำเหน็จรางวัลมากมายที่ประทานให้ แม้กระทั่ง ‘สมรสพระราชทาน’ ใช่เป็นน้ำใจและการแสดงออกซึ่งความปรารถนาดีต่อหวังทงจริงหรือ…,fantasy|action_adventure,Levon,/books/wang_tong_13.jpg,https://url.in.th/hBAhB
หวังทง องครักษ์เสื้อแพร เล่ม 14,เท่อเปี๋ยไป๋,แดนใต้ได้ชื่อว่าแดนสวรรค์ ทิวทัศน์งดงาม บ้านเมืองเจริญรุ่งเรือง ร่ำรวยเงินทอง แต่หลายเมืองในเขตปกครองใต้ราวกับไม่ได้อยู่บนแผ่นดินต้าหมิงอย่างไรอย่างนั้น เพราะหลายครั้งที่กฎหมายมิอาจบังคับใช้กับคนในพื้นที่นี้ ภาษีมหาศาล หากไม่อาจเก็บเข้าคลังหลวง ขุนนางทางการถูกกด ฮ่องเต้ก็จนปัญญา จึงเป็นอีกครั้งที่หวังทงต้องรับสนองราชโองการลงใต้ไป ‘ดู ๆ’ สักหน่อย  เมื่อได้ยินว่าหวังทงผู้นั้นจะมา ผู้ยิ่งใหญ่ในแดนใต้จึงมารวมตัว นำโดย ‘ตระกูลสวี’ แห่งซงเจียง แม้พวกเขามีชนักติดหลังเรื่องยึดครองที่ดินชาวบ้าน ทว่ากระทั่งอดีตมหาอำมาตย์จางจวีเจิ้งก็ยังแตะต้องพวกตนไม่ได้ ข่าวสมรสพระราชทานอันน่าหัวเราะนั่น ไหนจะการที่หวังทงลงใต้มาทำงานทันที แสดงให้เห็นแล้วว่าฮ่องเต้ต้องการกำราบคน หวังทงในแดนใต้ยังจะเป็นตัวอะไรได้เล่า!,fantasy|action_adventure,Levon,/books/wang_tong_14.jpg,https://url.in.th/bVeEE
หวังทง องครักษ์เสื้อแพร เล่ม 15,เท่อเปี๋ยไป๋,เรื่องในครอบครัวฮ่องเต้คือเรื่องของใต้หล้า แค่รักลูกคนหนึ่งมากกว่าอีกคน กลับก่อเกิดเสียงวิพากษ์วิจารณ์ไปทั่ว ในวังแบ่งฝักฝ่าย นอกวังขุนนางบัณฑิตรวมหัวกันถวายฎีกา กดดันให้ฮ่องเต้ต้องแต่งตั้งโอรสองค์โตเป็นรัชทายาทเท่านั้น!  ฮ่องเต้ว่านลี่มีหรือจะไม่รู้ว่าเบื้องหลังการถือกำเนิดของลูกชายคนนี้คือผู้ใด นี่ถ้าหากหวังทงยังอยู่เมืองหลวง สถานการณ์คงไม่เลยเถิดจนถึงขั้นนี้ แต่จะทำอย่างไรได้ เป็นฮ่องเต้เองมิใช่หรือที่ผลักไสไล่ส่งหวังทงแบบอ้อม ๆ ยังมิพูดถึงว่าตอนนี้หวังทงอยู่ไกลถึงเมืองกุยฮว่าเฉิงอีกด้วย ต่อให้เขายินดีกลับมาช่วย แต่สถานการณ์เรื่องการแต่งตั้งรัชทายาทนี้ ใช่ว่าจะมีที่ให้ขุนนางบู๊อย่างเขายื่นมือเข้ามาแทรกแซงได้,fantasy|action_adventure,Levon,/books/wang_tong_15.jpg,https://url.in.th/vDzAV
หวังทง องครักษ์เสื้อแพร เล่ม 16,เท่อเปี๋ยไป๋,เมื่อหวังทงมีชัยชนะใหญ่หลายต่อหลายครั้ง ทำให้เมืองเหลียวโจวไม่อาจนิ่งเฉย ต้องหาทางสร้างผลงานทางการทหารที่สูสีทัดเทียม สมกับที่สูบเสบียงและงบประมาณจากราชสำนักไปทุกปี ๆ เรื่อง ‘เลี้ยงโจรเพื่อตน’ จึงไม่อาจทำได้อีกต่อไป ได้เวลากำจัดโจรแล้ว  สำหรับตระกูลหลี่แห่งเหลียวโจว ‘เผ่าหนี่ว์เจิน’ คือโจรที่แอบเลี้ยงไว้ใช้ประโยชน์ สำหรับแผ่นดินต้าหมิง ‘เผ่าหนี่ว์เจิน’ เป็นดั่งมดแมลง จึงไม่มีใครคาดคิดว่าเมืองเหลียวโจวจะถึงกับพลาดพลั้งให้พวกป่าเถื่อนกลุ่มนี้ แต่หวังทงกลับไม่แปลกใจ เพราะช่วงเวลานี้เขาเป็นเพียงคนเดียวที่รู้ว่า… ในอนาคตเผ่าหนี่ว์เจินจะกลายเป็นราชวงศ์ใหม่แทนที่ราชวงศ์หมิง!  โอกาสมาอยู่ตรงหน้าแล้ว หวังทงจะลองท้าทาย เปลี่ยนแปลงประวัติศาสตร์ดูสักตั้ง!!,fantasy|action_adventure,Levon,/books/wang_tong_16.jpg,https://url.in.th/ubllP
หวังทง องครักษ์เสื้อแพร เล่ม 17,เท่อเปี๋ยไป๋,ทัพใหญ่ปราบตะวันออกเสร็จสิ้น ความดีความชอบมหาศาลระดับนี้ ใต้หล้าล้วนจับตามองว่าหวังทงจะได้รับอะไรเป็นรางวัล  …เพื่อไม่ให้ใครบางคนต้องลำบากใจ และเพื่อความปลอดภัยของตน หวังทงจึงขอ ‘อำลาตำแหน่ง’ พาครอบครัว ‘หนี’ ออกจากเมืองหลวงเสียเลย เมืองซงเจียงแดนใต้จึงกลายมาเป็นบ้านหลังใหม่ของตระกูลหวัง  บัดนี้ไม่มีข้าศึกศัตรูชายแดนใดให้หวังทงไปพิชิตอีกแล้ว ก็ได้แต่ทำการค้าพัฒนาเมืองไปดีๆ ให้ที่นี่เจริญรุ่งเรืองเหมือนเทียนจิน แต่สวรรค์คงไม่อยากเห็นหวังทงอยู่อย่างเรียบๆ ง่ายๆ จึงนำความท้าทายใส่มือเขาอีกครั้ง เมื่อมีคนมาขอให้เขาช่วยแก้เเค้น  “หากกั๋วกงไม่รับปากจัดการคดีหลายหมื่นชีวิตที่หลี่ว์ซ่ง ข้าน้อยไม่ขอลุกขึ้น!”,fantasy|action_adventure,Levon,/books/wang_tong_17.jpg,https://url.in.th/xGahn
หวังทง องครักษ์เสื้อแพร เล่ม 18,เท่อเปี๋ยไป๋,ในความคิดของแผ่นดินหมิง โจรสลัดวอโค่วไม่ได้น่ากลัวอะไร เป็นเกาหลีไม่ได้เรื่องเองจึงถูกพวกนั้นบุกตีมาได้ ตระกูลหลี่ที่อำนาจถูกลดทอนลงเห็นว่าควรอาศัยโอกาสมากอบกู้ตระกูล จึงได้ส่งทัพม้าห้าพันบุกเข้าเกาหลีไปก่อน แต่แล้วพอไปถึงเมืองพย็องยาง (เปียงยาง) กลับพลาดท่า ถูกทัพโจรสลัดวอโค่วล้อมตี เหลือรอดกลับมาเพียงไม่กี่คนเท่านั้น  การพ่ายศึกในครั้งนี้ทำให้ตระกูลหลี่ขายหน้ามาก สุดท้ายจึงกลายเป็นหวังทงที่ได้นำทัพใหญ่ออกศึก ทว่าการเตรียมทัพต้องใช้เวลา โดยเฉพาะการวางแผนเรื่องเสบียงต้องละเอียดรอบคอบ อดีตผู้บัญชาการเหลียวโจวหลี่เฉิงเหลียงยังคงไม่ยอมแพ้ แม้หวังทงเป็นแม่ทัพใหญ่ แต่เขาก็ลอบออกคำสั่งให้หลี่หรูซงบุตรชายคนโต และหลี่หรูป๋อบุตรชายคนรอง นำทัพตระกูลหลี่ล่วงหน้าเข้าเกาหลีไปก่อน ขอเพียงรบชนะได้ก่อนทัพใหญ่ของหวังทง ความดีความชอบก็จะกลับมาอยู่ในมือตระกูลหลี่  ทัพของตระกูลหลี่สามารถแก้มือ ยึดเมืองพยองยางมาได้ และใช้เป็นที่ตั้งทัพหน้ากองกำลังต้าหมิง หลี่หรูซงคิดจะปักหลักรอทัพใหญ่ตรงนี้ แต่บิดาของเขาส่งจดหมายมาสั่งให้บุกขึ้นหน้าต่อไป ยึดเมืองฮันยาง (โซล) มาให้ได้ แม้ว่าหลี่หรูซงจะไม่เห็นด้วย แต่ก็ต้องทำตามที่บิดาผู้ชราสั่ง เพราะไม่อยากเป็นบุตรอกตัญญู ลงท้ายทัพตระกูลหลี่ก็เกือบสูญสิ้นเมื่อต้องเผชิญกับกองรบของโคบายากาว่า ทาคากาเกะ ซึ่งมีจำนวนมากกว่าหลายเท่า ศึกนี้ทำให้ขวัญกำลังใจฝ่ายญี่ปุ่นเพิ่มพูน,fantasy|action_adventure,Levon,/books/wang_tong_18.jpg,https://url.in.th/foQQI
เพอร์ซีย์ แจ็กสัน กับ สายฟ้าที่หายไป (ปกใหม่),Rick Riordan,‘สายฟ้าแห่งซุส’ ถูกมือดีขโมยไป มหาเทพทั้งสามซึ่งต่างก็คานอำนาจกันอยู่ในทีต่างกล่าวหาอีกฝ่ายว่าเป็นตัวการ ร่ำๆ จะบานปลายเป็นสงครามสามทัพ ถึงคราว ‘เพอร์ซีย์ แจ็กสัน’ ต้องตามเอาสายฟ้าที่หายไปกลับคืน เพื่อยุติข้อบาดหมางระหว่างท้องฟ้า มหาสมุทร และนรกใต้พิภพ ก่อนที่โลกจะถูกใช้เป็นสังเวียนให้พี่น้องทะเลาะกันชนิดฟ้าถล่มดินทลาย ภารกิจการเดินทางจากฝั่งหนึ่งข้ามไปยังอีกฝั่งของสหรัฐอเมริกาดูจะไม่ใช่เรื่องที่เด็กชายอายุเพียงสิบสองปีที่เพิ่งค้นพบว่าตนเป็นมนุษย์กึ่งเทพได้ไม่นาน แถมยังไม่ทันปรับตัวนั้นจะทำมันสำเร็จลุล่วงได้โดยง่าย ไหนจะเป็นที่เกลียดชังของเหล่าเทพและปีศาจเพราะกำเนิดของตน ไหนจะถูกอสุรกายดุร้ายในรูปลักษณ์อันยากจะมองออกคอยขัดขวาง ภายในระยะเวลาอันกระชั้น เพอร์ซีย์จะนำสายฟ้ากลับคืนสู่ยอดเขาโอลิมปัสบนชั้น 600 ของตึกเอ็มไพร์สเตท (!?) สำเร็จและทันการณ์หรือไม่ นี่คือภารกิจแรกสู่หนทางแห่งวีรบุรุษของเด็กชาย,fantasy|action_adventure,เอ็นเธอร์บุ๊คส์,/books/percy_jackson_1.jpg,https://url.in.th/lYtgi
เพอร์ซีย์ แจ็กสัน กับ อาถรรพ์ทะเลปีศาจ (ปกใหม่),Rick Riordan,ฤดูร้อนที่แล้ว 'เพอร์ซีย์' ค้นพบความจริงอันน่าตกใจเกี่ยวกับกำเนิดของตัวเอง และได้ออกปฏิบัติภารกิจจนเกือบเอาชีวิตไม่รอด แต่เขาก็ทำสำเร็จ...สามารถกลับมาใช้ชีวิตอย่างมนุษย์อีกครั้ง เปิดภาคเรียนใหม่กับโรงเรียนใหม่ เขาได้เพื่อนเป็นเด็กตัวยักษ์จอมทึ่ม ซึ่งดูแล้วออกจะพิเศษเกินเด็กธรรมดาไปสักหน่อย นอกจากนี้เขายังฝันถึง 'โกรเวอร์' แต่เป็นฝันที่พิลึกกึกกือ...เพื่อนแพะของเขากำลังจะเป็นเจ้าสาว!? ส่วน 'แอนนาเบ็ธ' ก็มาหาเขาพร้อมข่าวร้าย เมื่อค่ายฮาล์ฟบลัดเผชิญกับปัญหาใหญ่ เขตแดนเวทมนตร์ของค่ายกำลังจะสลายลง แถม 'ไครอน' ยังมาถูกไล่ออกอีก เขาจึงต้องออกเดินทางอีกครั้งเพื่อกอบกู้ค่ายให้พ้นจากหายนะ มุ่งหน้าสู่ทะเลปีศาจ ตามหาขนแกะทองคำในตำนาน ตลอดจนต้องชิงตัวเจ้าสาวคืนมาจากยักษ์ไซคลอปส์ดุร้าย ถึงเขาจัเป็นบุตรแห่งจ้าวสมุทร...แต่ก็อดประหวั่นต่อการเดินทางครั้งนี้ไม่ได้ ก็ทะเลที่เขากำลังมุ่งหน้าไปมันคือสามเหลี่ยมเบอร์มิวดา...ดินแดนอาถรรพ์ที่มนุษย์ทั่วโลกต่างขนานนามเชียวนะ!,fantasy|action_adventure,เอ็นเธอร์บุ๊คส์,/books/percy_jackson_2.jpg,https://url.in.th/hOXKw
เพอร์ซีย์ แจ็กสัน กับคำสาปแห่งไททัน (ปกใหม่),Rick Riordan,สงครามครั้งใหญ่ระหว่างเทพโอลิมปัสกับเหล่ายักษ์ไททันกำลังจะอุบัติขึ้นอีกครั้งในศตวรรษที่ 21 โครนอสเพียงรอเวลาให้พละกำลังฟื้นฟู และซ่องสุมกองพลเตรียมโรมรัน ค่ายฮาล์ฟบลัดในฐานะที่เป็นสถานของลูกหลานเทพจึงต้องรีบรวบรวมสมัครพรรคพวกเช่นกัน เมื่อโกรเวอร์ค้นเจอมนุษย์กึ่งเทพสองพี่น้อง แต่ไม่สามารถพาออกมาได้ เพอร์ซีย์ เลยต้องออกไปรับด้วยตนเอง ทว่านี่กลับเป็นกับดัก! กว่าจะรู้ตัวเขาก็เสียคนสำคัญให้ศัตรูไปเสียแล้ว การเดินทางหนนี้เพอร์ซีย์ต้องจับมือกับเหล่าพรานแห่งอาร์เทมีส... กลุ่มเด็กหญิงที่ตัดขาดตัวเองจากโลกภายนอกและสุดแสนจะเกลียดชังผู้ชาย... ในการออกตามหาเทพีซึ่งสาบสูญ เพื่อให้การประชุมสภาโอลิมปัสสามารถมีขึ้นได้ ตลอดจนหาตัวอสุรกายลึกลับผู้กำหนดทิศทางของสงครามให้พบ ก่อนมันจะตกไปอยู่ในมือของโครนอส และทำให้เขาทรงพลังมากกว่าเดิม เหนืออื่นใด คำพยากรณ์ที่ว่า... พวกเลือดผสมที่เกิดจากหนึ่งในสามเทพผู้ยิ่งใหญ่จะทำการตัดสินใจอันอาจนำมาซึ่งการล่มสลายของยุคแห่งเทพ.. .ยังเป็นสิ่งรบกวนจิตใจของเพอร์ซีย์อย่างที่สุด,fantasy|action_adventure,เอ็นเธอร์บุ๊คส์,/books/percy_jackson_3.jpg,https://url.in.th/fVeIC
เพอร์ซีย์ แจ็กสัน กับ ปริศนาเขาวงกต (ปกใหม่),Rick Riordan,นับวันจ้าวแห่งยักษ์ไททันโครนอสยิ่งเข้มแข็ง คงอีกไม่นานที่เขาจะผงาดขึ้นอย่างสมบูรณ์ หากการจะท้าทายโอลิมปัส โครนอสต้องขจัดเสี้ยนหนามที่เป็นมากกว่าความรำคาญเสียก่อน นั่นคือค่ายฮาล์ฟบลัด แม้จะมั่นใจว่าเขตแดนของค่ายแน่นหนา แต่ถ้าเป็นการเจาะเข้ามาจากภายในล่ะ? นี่คือแผนการครั้งใหม่ของศัตรูเมื่อล่วงรู้ถึงการมีอยู่ของเขาวงกตใต้ดินซึ่งมีโครงข่ายโยงใยไปทั่ว รวมถึงใจกลางค่ายฮาล์ฟบลัด ทว่าเขาวงกตมีความคิดของมันเอง อีกทั้งเปลี่ยนแปลงตลอดเวลา หากปราศจากการนำร่องก็เป็นไปไม่ได้ที่จะไปยังจุดหมายใดๆ มีเพียงเดดาลัสผู้สร้างเขาวงกตเท่านั้นที่รู้วิธี เพอร์ซีย์ต้องยับยั้งไม่ให้เขาเข้ากับศัตรู เด็กชายและเพื่อนๆ ต้องหาห้องทำงานของมหาสถาปนิกให้พบก่อนอีกฝ่าย เท่ากับพวกเขาต้องลงไปในทางวกวนอันเป็นคลังเก็บกับดักและอสุรกายโดยไม่มีวิธีนำร่อง เขาวงกตแห่งเดดาลัส... สถานที่ที่คนซึ่งพลัดเข้าไปในนั้นถ้าไม่ตายก็ไม่พ้นกลายเป็นบ้า!,fantasy|action_adventure,เอ็นเธอร์บุ๊คส์,/books/percy_jackson_4.jpg,https://url.in.th/phiMo
เพอร์ซีย์ แจ็กสัน กับเทพองค์สุดท้าย (ปกใหม่),Rick Riordan,‘การเตรียมความพร้อม’ ของโครนอสต่อการหวนคืนสู่อำนาจได้บังเกิดเป็นผลสำเร็จแล้ว ด้วยความไม่คาดหมายของทุกผู้คน ทำลายความหวังที่จะได้ ‘เพื่อน’ คนเดิมคืนมาลงหมดสิ้น สงครามอุบัติ จ้าวแห่งยักษ์ไททันผู้ควบคุมกาลเวลาออกนำทัพเอง ร่วมด้วยอสุรกายมากมาย ยักษ์ไททันตนอื่นๆ และเหล่ามนุษย์กึ่งเทพแปรพักตร์ ขณะที่ด้านเทพโอลิมเปียนมีเพียงชาวค่ายฮาล์ฟบลัดเท่านั้นเป็นขุมกำลังหลัก ซึ่งก็นับว่าน้อยนิดและอ่อนแอเสียเหลือเกิน สภาวการณ์ด้อยกว่าเป็นทุน ยังจะมี ‘สปาย’ คอยให้ข่าวความเคลื่อนไหวแก่ศัตรูอีก ท่ามกลางเพื่อนพ้องที่ร่วมฟันฝ่ามาด้วยกัน ใครนะคือคนทรยศผู้นั้น นี่คือศึกสุดท้ายของเพอร์ซีย์ แจ็กสัน เดิมพันด้วยการล่มสลายของอารยธรรม วันแห่งคำพยากรณ์บทใหญ่... เด็กชายจะเป็นผู้พิทักษ์หรือทำลายโอลิมปัส... กำลังจะมาถึงในอีกไม่ช้า,fantasy|action_adventure,เอ็นเธอร์บุ๊คส์,/books/percy_jackson_5.jpg,https://url.in.th/tWecd
เชอร์ล็อกโฮล์มส์ 1 แรงพยาบาท(ปกใหม่),เซอร์อาเทอร์ โคแนน ดอยล์,การพบกันของครั้งแรกของเชอร์ล็อก โฮล์มส์ และหมอวัตสัน ตัวเอกของเรื่อง  เมื่อหมอวัตสันได้พบว่าโฮล์มส์เป็นนักสืบที่ปรึกษา  ทำงานร่วมกับตำรวจนักสืบเพื่อช่วยงานราชการ  และขณะเดียวกันก็รับจ้างบุคคลอื่นๆสืบสวนเรื่องต่างๆ  ทั้งสองร่วมสืบคดีแรกที่เกี่ยวข้องกับศพของชายคนหนึ่งซึ่งถูกพบในบ้านร้าง  โดยมีคำว่า RACHE เขียนด้วยเลือดบนกำแพงข้างศพ  .  แรงพยาบาท เป็นวรรณกรรมสืบสวนเรื่องยาวเรื่องแรกของเซอร์อาเทอร์ โคแนน ดอยล์  ซึ่งมีกลวิธีในเล่าเรื่องที่น่าสนใจ  โดยผู้อ่านจะได้สัมผัสบรรยากาศที่น่าตื่นตื่นใจ  และรับรู้ถึงความฉลาดหลักแหลมของเชอร์ล็อก โฮล์มส์  ผ่านสายตาของหมอวัตสันเป็นครั้งแรก,mystery_thriller,words publishing,/books/sherlock_holmes_1.jpg,https://url.in.th/WFfrF
เชอร์ล็อกโฮล์มส์ 2 จัตวาลักษณ์(ปกใหม่),เซอร์อาเทอร์ โคแนน ดอยล์,คำมั่นสัญญาลับของอดีตนักโทษสี่คน  และประวัติศาสตร์การเมืองของอินเดียที่เชอร์ล็อก โฮล์มส์  ได้ทำการสืบสวนและวางอุบายเพื่อจับตัวคนร้าย  เป็นปริศนาซ้อนปริศนาที่มีแต่โฮล์มส์เท่านั้นที่สามารถคลี่คลายได้  .  จัตวาลักษณ์ คือส่วนผสมอันโลดโผนที่ลงตัวระหว่างความลึกลับ  การวางกลอุบาย และตัวละครที่น่าจดจำ  ด้วยพล็อตอันซับซ้อน เนื้อหาที่น่าติดตาม  และความมีเสน่ห์เหนือกาลเวลา  ทำให้หนังสือเล่มนี้เป็นสิ่งที่แฟนวรรณกรรมลึกลับและคลาสสิก  ห้ามพลาดด้วยประการทั้งปวง,mystery_thriller,words publishing,/books/sherlock_holmes_2.jpg,https://url.in.th/mmrYu
เชอร์ล็อกโฮล์มส์ 3 หมาผลาญตระกูล(ปกใหม่),เซอร์อาเทอร์ โคแนน ดอยล์,เมื่อเซอร์ชาร์ลส์ บาสเกอร์วิลล์ ถูกพบเสียชีวิต  อยู่ในสวนบริเวณคฤหาสน์ของเขาในสภาพที่ดูเหมือนหัวใจวาย  แต่เพื่อนสนิทเชื่อว่าเป็นฝีมือของสัตว์ที่มีอำนาจเหนือธรรมชาติ  ซึ่งตามล้างตามผลาญคนในตระกูลนี้  เรื่องจึงร้อนมาถึงเชอร์ล็อก โฮล์มส์ ที่ถูกตามตัวมาไขปริศนาแสนลึกลับ  .  หมาผลาญตระกูล เป็นวรรณกรรมสืบสวนที่โดดเด่นในกระบวนวิธีบรรยายเรื่อง  และดำเนินเรื่องในฉากหลังซึ่งเปี่ยมไปด้วยบรรยากาศอันน่าจดจำ  นอกจากนั้นยังตีแผ่ความหวาดกลัวของมนุษย์  เมื่อต้องเผชิญหน้ากับสิ่งเร้นลับที่อยู่เหนือตรรกะทั้งปวง,mystery_thriller,words publishing,/books/sherlock_holmes_3.jpg,https://url.in.th/VwQCT
เชอร์ล็อกโฮล์มส์ 4 หุบเขาแห่งภัย(ปกใหม่),เซอร์อาเทอร์ โคแนน ดอยล์,เมื่อมิสเตอร์ดักลาสแห่งคฤหาสน์เบิร์ลสโตนถูกฆาตกรรมอย่างน่าสยดสยอง  โดยมีรอยเลือดที่หน้าต่างราวกับบ่งชี้ว่าเป็นฝีมือของคนจากนอกคฤหาสน์  แต่พิรุธของภริยาและเพื่อนสนิทของผู้ตายทำให้เชอร์ล็อก โฮล์มส์ ต้องค้นหาความจริง  .  หุบเขาแห่งภัย คือเรื่องราวลึกลับน่าติดตามที่เผยให้เห็นสายใยแห่งอุบายและแรงจูงใจอันซับซ้อน  สำรวจประเด็นของความยุติธรรมและการลงทัณฑ์  ถักทอเข้าด้วยกันผ่านการเล่าเรื่องที่แยบยล  เหมาะสำหรับผู้แสวงหาประสบการณ์อันแปลกใหม่  และต้องการทดสอบสติปัญญาอย่างยิ่ง,mystery_thriller,words publishing,/books/sherlock_holmes_4.jpg,https://url.in.th/GwPMi
เชอร์ล็อกโฮล์มส์ 5 การผจญภัย(ปกใหม่),เซอร์อาเทอร์ โคแนน ดอยล์,เรื่องสั้นเชอร์ล็อก โฮล์มส์ ชุดแรก ประกอบด้วยเรื่องสั้นทั้งหมด 12 เรื่อง  เรื่องที่มีชื่อเสียงเป็นที่รู้จักกันดี เช่น เหตุอื้อฉาวในโบฮีเมีย  บอกเล่าเรื่องราวของหญิงสาวที่ประทับอยู่ในความทรงจำของโฮล์มส์  สันนิบาตผมแดง หนึ่งในเรื่องสืบสวนที่สั้น กระชับ แต่เฉียมคมที่สุด  ห่วงแต้ม กับเรื่องราวความละโมบที่แฝงอยู่ในตัวมนุษย์,mystery_thriller,words publishing,/books/sherlock_holmes_5.jpg,https://url.in.th/XmVJZ
เชอร์ล็อกโฮล์มส์ 6 จดหมายเหตุ(ปกใหม่),เซอร์อาเทอร์ โคแนน ดอยล์,รวมเรื่องสั้นที่มีประเด็นของคดีแปลกพิสดารน่าติดตามในแบบของเชอร์ล็อก โฮล์มส์  และเป็นครั้งแรกที่มีการเปิดตัวพี่ชายของเขาให้เป็นที่รู้จัก  นอกจากนั้น ในคดีสุดท้ายยังเป็นการเปิดเผยความลับของโฮล์มส์ที่มีกับศัตรูตัวฉกาจของเขา,mystery_thriller,words publishing,/books/sherlock_holmes_6.jpg,https://url.in.th/ixcyL
เชอร์ล็อกโฮล์มส์ 7 คืนชีพ(ปกใหม่),เซอร์อาเทอร์ โคแนน ดอยล์,เหตุการณ์ซึ่งดำเนินต่อมาจากปัจฉิมปัญหา  ซึ่งเป็นเรื่องสั้นเรื่องสุดท้ายในชุดจดหมายเหตุ  โดยในครั้งนี้หมอวัตสันได้ค้นพบความจริงบางอย่างเกี่ยวกับสหายของเขา  ตัวละครเอกของเซอร์อาร์เทอร์ โคแนน ดอยล์  ได้กลับมามีชีวิตโลดแล่นในการสืบสวนคดีอีกครั้ง,mystery_thriller,words publishing,/books/sherlock_holmes_7.jpg,https://url.in.th/MeNHL
เชอร์ล็อกโฮล์มส์ 8 ลาโรง(ปกใหม่),เซอร์อาเทอร์ โคแนน ดอยล์,"รวมเรื่องสั้น 8 เรื่อง เช่น ""จอมบงการใจทมิฬ"" ""ตามพิฆาต"" ""วงแดง"" ""หีบศพต่อ""  .  เรื่องสั้นชุดนี้ เชอร์ล็อก โฮล์มส์ และวัตสัน จะได้พบกับคดีที่แปลกและท้าทาย  ทั้งเรื่องการปล่อยข่าวที่น่าตกใจ การลักพาตัว การขโมย และการทรยศหักหลัง  ซึ่งทุกคดีต่างท้าทายสติปัญญาอันไม่เหมือนใครของเชอร์ล็อก โฮล์มส์ อย่างแปลกใหม่",mystery_thriller,words publishing,/books/sherlock_holmes_8.jpg,https://url.in.th/UIaIG
